College, Private
Adelphi University, True
Agnes Scott College, True
University of Alabama, True
University of Alabama Birmingham, True
University of Alabama Huntsville, True
Albion College, True
Albright College, True
Alfred University, True
Allegheny College, True
Amherst College, True
American International College, True
American University, True
Antioch College, True
University of Arizona, True
Arizona State University, True
University of Arkansas, True
Assumption College, True
College of the Atlantic, True
Auburn University, True
Austin College, True
Ball State University, True
Babson College, True
Bard College, True
Barnard College, True
Bates College, True
Baylor University, True
Belmont University, True
Beloit College, True
Bennington College, True
Bentley University, True
Berea College, True
Birmingham Southern College, True
Boston College, True
Boston University, True
Bowdoin College, True
Bowling Green State University, True
Bradley University, True
Brandeis University, True
Brigham Young University, True
University of British Columbia, True
Brooklyn College, True
Brown University, True
Bryant University, True
Bryn Mawr College, True
Bucknell University, True
Butler University, True
Cal Poly Pomona, True
Cal Poly San Luis Obispo, True
University of California - GENERAL, True
University of California - Berkeley, True
University of California - Davis, True
University of California - Irvine, True
University of California - Los Angeles, True
University of California - Merced, True
University of California - Riverside, True
University of California - San Diego, True
University of California - Santa Barbara, True
University of California - Santa Cruz, True
California Institute of Technology, True
California Lutheran University, True
California State University - GENERAL, True
California State University - Fresno, True
California State University - Fullerton, True
California State University - Long Beach, True
California State University - Los Angeles, True
California State University - Monterey Bay, True
California State University - Northridge, True
Carleton College, True
Carnegie Mellon University, True
Carroll College, True
Case Western Reserve University, True
Catholic University of America, True
Central Connecticut State University, True
University of Central Florida, True
Centre College, True
Champlain College, True
Chapman University, True
University of Chicago, True
Christopher Newport University, True
University of Cincinnati, True
City College of New York, True
Claremont McKenna College, True
Clark University, True
Clarkson University, True
Clemson University, True
Coe College, True
Colby College, True
Colgate University, True
College of Charleston, True
University of Colorado, True
Colorado College, True
Colorado School of Mines, True
Colorado State University, True
Columbia College Chicago, True
Columbia University, True
University of Connecticut, True
Connecticut College, True
Cooper Union, True
Cornell College, True
Cornell University, True
Creighton University, True
CUNY System, True
Dartmouth College, True
Davidson College, True
University of Dayton, True
Deep Springs College, True
University of Delaware, True
Denison University, True
University of Denver, True
DePaul University, True
DePauw University, True
Dickinson College, True
Dominican University of California, True
Drew University, True
Drexel University, True
Duke University, True
Duquesne University, True
East Carolina University, True
Earlham College, True
Eckerd College, True
Elon University, True
Elizabethtown College, True
Embry-Riddle, True
Emerson College, True
Emory University, True
Fairfield University, True
Fairleigh Dickinson University, True
Fashion Institute of Technology, True
Fisk University, True
Flagler College, True
University of Florida, True
Florida A&M University, True
Florida Atlantic University, True
Florida Institute of Technology, True
Florida International University, True
Florida State University, True
Fordham University, True
Franklin & Marshall College, True
Furman University, True
George Mason University, True
George Washington University, True
Georgetown University, True
University of Georgia, True
Georgia Institute of Technology, True
Georgia State University, True
Gettysburg College, True
Goddard College, True
Golden Gate University, True
Gonzaga University, True
Goucher College, True
Grinnell College, True
Grove City College, True
Gustavus Adolphus College, True
Hanover College, True
Hamilton College, True
Hampden-Sydney College, True
Hampshire College, True
Hampton University, True
University of Hartford, True
Hartwick College, True
Harvard University, True
Harvey Mudd College, True
Haverford College, True
Hendrix College, True
High Point University, True
Hillsdale College, True
Hiram College, True
Hobart and William Smith Colleges, True
Hofstra University, True
Hollins University, True
College of the Holy Cross, True
Hope College, True
University of Houston, True
Howard University, True
Humboldt State University, True
University of Illinois - Chicago, True
University of Illinois - Urbana-Champaign, True
Indiana University - Bloomington, True
Indiana University of Pennsylvania, True
Indiana University-Purdue University Indianapolis, True
Indiana University - South Bend, True
University of Iowa, True
Iowa State University, True
Illinois Wesleyan University, True
Illinois Institute of Technology, True
Ithaca College, True
James Madison University, True
Johns Hopkins University, True
The Juilliard School, True
Juniata College, True
Kalamazoo College, True
University of Kansas, True
Kansas State University, True
Kent State University, True
University of Kentucky, True
Kenyon College, True
Knox College, True
Lafayette College, True
Lake Forest College, True
LaSalle University, True
Lawrence University, True
Lehigh University, True
Lewis & Clark College, True
Linfield College, True
Louisiana State University, True
University of Louisville, True
Loyola University of Chicago, True
Loyola University - Maryland, True
Loyola University - New Orleans, True
Loyola Marymount University, True
Lynchburg College, True
Macalester College, True
University of Maine, True
Manhattan College, True
Manhattanville College, True
Marietta College, True
Marist College, True
Marlboro College, True
Marquette University, True
University of Mary Washington, True
University of Maryland - Baltimore County, True
University of Maryland - College Park, True
Marymount Manhattan College, True
University of Massachusetts - Amherst, True
University of Massachusetts - Boston, True
Massachusetts Institute of Technology, True
McGill University, True
Mercer University, True
Merrimack College, True
University of Miami - Florida, True
Miami University - Ohio, True
University of Michigan, True
Michigan State University, True
Michigan Technological University, True
Middlebury College, True
Mills College, True
Millsaps College, True
University of Minnesota, True
University of Mississippi, True
Mississippi State University, True
University of Missouri - Columbia, True
University of Missouri - Kansas City, True
Missouri University of Science and Technology, True
Monmouth University, True
University of Montana, True
Montclair State University, True
Moravian College, True
Morehouse College, True
Mount Holyoke College, True
Muhlenberg College, True
University of Nebraska, True
University of Nevada, True
New College of Florida, True
New England College, True
University of New Hampshire, True
University of New Haven, True
The College of New Jersey, True
New Jersey Institute of Technology, True
New Mexico Institute of Mining & Technology, True
University of New Mexico, True
University of New Orleans, True
New York University, True
University of North Carolina - Asheville, True
University of North Carolina - Chapel Hill, True
University of North Carolina - Charlotte, True
University of North Carolina - Greensboro, True
University of North Carolina - Wilmington, True
North Carolina School of the Arts, True
North Carolina State University, True
University of North Dakota, True
University of North Florida, True
Northeastern University, True
Northern Arizona University, True
Northwestern University, True
University of Notre Dame, True
Oberlin College, True
Occidental College, True
Oglethorpe University, True
Ohio University, True
Ohio Northern University, True
Ohio State University, True
Ohio Wesleyan University, True
University of Oklahoma, True
Oklahoma State University, True
Old Dominion University, True
Olin College, True
University of Oregon, True
Oregon State University, True
Pace University, True
University of the Pacific, True
Parsons School of Design, True
Penn State, True
University of Pennsylvania, True
Pepperdine University, True
Philadelphia University, True
University of Pittsburgh, True
Pitzer College, True
Pomona College, True
Pratt Institute, True
Princeton University, True
Providence College, True
University of Puget Sound, True
Purdue University, True
Quinnipiac University, True
Randolph College, True
Randolph-Macon College, True
University of Redlands, True
Reed College, True
Regis University, True
Rensselaer Polytechnic Institute, True
University of Rhode Island, True
Rhode Island School of Design, True
Rhodes College, True
Rice University, True
University of Richmond, True
Rider University, True
Ripon College, True
University of Rochester, True
Rochester Institute of Technology, True
Rollins College, True
Rose-Hulman Institute of Technology, True
Rowan University, True
Rutgers University, True
Sacred Heart University, True
College of Saint Benedict and Saint John's University, True
St. Bonaventure University, True
St. John's College - Maryland, True
St. John's College - New Mexico, True
St. John's University (New York), True
Saint Joseph's University, True
St. Lawrence University, True
Saint Louis University, True
Saint Mary's College of California, True
St. Mary's College of Maryland, True
Saint Mary's College - Notre Dame, True
Saint Michael's College, True
Saint Olaf College, True
Salisbury University, True
Salve Regina University, True
Samford University, True
University of San Diego, True
San Diego State University, True
San Francisco State University, True
University of San Francisco, True
San Jose State University, True
Santa Clara University, True
Sarah Lawrence College, True
Savannah College of Art and Design, True
School of Visual Arts, True
University of Scranton, True
Saint Anselm College, True
Scripps College, True
Seattle University, True
Seton Hall University, True
Sewanee: The University of the South, True
Shimer College, True
Siena College, True
Simmons College, True
Simon's Rock College of Bard, True
Skidmore College, True
Smith College, True
Soka University of America, True
Sonoma State University, True
University of South Carolina, True
University of South Florida, True
University of Southern California, True
Southern Methodist University, True
Southwestern University, True
Spelman College, True
Stanford University, True
Stephens College, True
Stetson University, True
Stevens Institute of Technology, True
Stevenson University, True
Stonehill College, True
SUNY - General, True
SUNY at Albany, True
SUNY at Binghamton, True
SUNY at Buffalo, True
SUNY at Geneseo, True
SUNY at Purchase, True
SUNY at Stony Brook, True
Susquehanna University, True
Swarthmore College, True
Sweet Briar College, True
Syracuse University, True
University of Tampa, True
Temple University, True
University of Tennessee, True
The University of Texas Schools (Other Than Austin), True
The University of Texas at Austin, True
Texas A&M University, True
TCU, True
Texas Tech University, True
Thomas Aquinas College - California, True
University of Toronto, True
Towson University, True
Trinity College (Connecticut), True
Trinity University (Texas), True
Truman State University, True
Tufts University, True
Tulane University, True
University of Tulsa, True
Tuskegee University, True
Union College - New York, True
United States Air Force Academy, True
United States Coast Guard Academy, True
United States Merchant Marine Academy, True
United States Military Academy, True
United States Naval Academy, True
University of the Sciences in Philadelphia, True
Ursinus College, True
Ursuline College, True
Valparaiso University, True
Vanderbilt University, True
Vassar College, True
University of Vermont, True
Villanova University, True
University of Virginia, True
Virginia Commonwealth University, True
Virginia Tech, True
Virginia Wesleyan College, True
Wabash College, True
Wagner College, True
Wake Forest University, True
Warren Wilson College, True
University of Washington, True
Washington and Lee University, True
Washington College, True
Washington State University, True
Washington University in St. Louis, True
University of Waterloo, True
Webb Institute, True
Wellesley College, True
Wells College, True
Wesleyan College, True
Wesleyan University, True
West Virginia University, True
Western Michigan University, True
Western Washington University, True
Westminster College - Pennsylvania, True
Wheaton College - Illinois, True
Wheaton College - Massachusetts, True
Whitman College, True
Whittier College, True
College of William and Mary, True
Willamette University, True
William Jewell College, True
Williams College, True
University of Wisconsin, True
Wittenberg University, True
Wofford College, True
College of Wooster, True
Worcester Polytechnic Institute, True
Wright State University, True
University of Wyoming, True
Yale University, True
Yeshiva University, True
Xavier University
